diagnosis,radius_mean,texture_mean,perimeter_mean,area_mean,smoothness_mean,compactness_mean,concavity_mean,concave points_mean,symmetry_mean,fractal_dimension_mean
M,8.486128863625174,13.374882189662538,145.65621008294696,304.81156234861004,0.082239820979283,0.08671094892148093,0.1389176248128734,0.053186406816828416,0.21213685010291894,0.05951514305553791
M,17.915871857429334,11.32701587163201,121.31735092021233,999.7039214911537,0.10368531043442593,0.15029424471191,0,0.06875474607334761,0.2140245765799581,0.0662416735467531
M,11.582438363739463,18.328133469148646,136.9307324227063,983.8575949525091,0.11420402609119149,0.08922545936159304,0.2837088390294215,0.1206127502573569,0.22792591509038798,0.06230849375372938
B,17.942039454830567,20.67294935294183,106.46359030720342,486.427049153624,0.09185719537607409,0.1048296033593501,0.14261527204135271,0,0.17956285136934083,0.07168397871087039
B,15.303189700194599,20.420545515951684,87.75336214099444,664.6197226127864,0.09248550749508169,0.11158527724216376,0.033091853122362964,0,0.1825379929305179,0.05764418134669851
B,12.521809406459122,16.175301816764414,131.91877314134186,971.3437267265056,0.081350247746184,0.11922176882523781,0.058439956649333935,0.005972248037043437,0.22541014625191053,0.061192536602267214
M,11.853448345774021,22.391129545053857,124.49299522689395,408.22238287770676,0.10471931381840821,0.11252683515411022,0.1849857288364855,0,0.22908944347538834,0.05919911597550099
M,13.521653885376189,16.715311170195868,79.11360179161396,287.9658103983817,0.08856779295363555,0.15530946575144183,0.010143015729891819,0.12123567445701691,0.19628595920772246,0.06106755854896143
B,11.070541305580335,26.57672078836945,62.39390477549466,1028.2904639197009,0.061153653576515386,0.2046332952704829,0.0893291667615738,0.02138532703544175,0.19795406220579892,0.057930758717741095
M,12.836230775678686,19.58139214354774,72.62265972849741,955.5779329401548,0.07220870196937973,0.1515080404624492,0.20842916208402498,0.04692683779756687,0.19904292019277758,0.07874924402549935
