patient_id,radius_mean,texture_mean,perimeter_mean,area_mean,smoothness_mean,compactness_mean,concavity_mean,concave points_mean,symmetry_mean,fractal_dimension_mean
151,11.178545096161299,25.106476560004474,100.89261825196465,1115.0937361832684,0.08861375879491978,0.1590882407709791,0.026279923725658266,0.07711083498577631,0.20063234986319675,0.06265800512587785
484,11.73358173778347,10.668816993373936,128.0064507061974,155.13450575340158,0.10066232488470417,0.0660710489614699,0.11598757365733035,0.03863439444674272,0.18891762827132677,0.06257309009450603
272,14.639547814437272,17.716997902667956,74.00388117652992,959.0270067366819,0.09107869333556222,0.12330183728134671,0.12830241221886618,0.04049600555562973,0.1441976653786215,0.04242443484107822
334,14.465899341934312,24.047225002622007,106.29508942275038,736.1163439933836,0.09583434732948756,0.021331256125115175,0.01791028722293335,0.029314501323919002,0.15362577420635448,0.05582226620536553
